From (Query Position),Residue,Accumulated Avg Attention,Top 15%?
1,M,0.004523929657953626,NO
2,G,0.002953549480675325,NO
3,Q,0.0036482679252328254,NO
4,P,0.003666086617426702,NO
5,G,0.0026849978493471227,NO
6,N,0.0027240142519450016,NO
7,G,0.0038432679834171173,NO
8,S,0.002158000603318198,NO
9,A,0.0019328162440542332,NO
10,F,0.0019203138279197316,NO
11,L,0.0027343239576436773,NO
12,L,0.0028461178056196396,NO
13,A,0.0033828546115565977,NO
14,P,0.0032581435468484548,NO
15,N,0.0032100477171001433,NO
16,G,0.00495131464038044,NO
17,S,0.0031256923486710415,NO
18,H,0.0034582030313247605,NO
19,A,0.0031265094104680562,NO
20,P,0.003083615194392613,NO
21,D,0.0036281386731624415,NO
22,H,0.0029263549922932596,NO
23,D,0.003864720053168672,NO
24,V,0.0034495479706566,NO
25,T,0.0029601836779176794,NO
26,Q,0.0024367109327658094,NO
27,E,0.0026267805332561727,NO
28,R,0.003838419269384425,NO
29,D,0.005131212044691579,NO
30,E,0.005848993316936633,NO
31,V,0.004081384345943548,NO
32,W,0.006495089433177934,NO
33,V,0.007075583089163251,NO
34,V,0.006981923075822329,NO
35,G,0.007373026422888606,NO
36,M,0.010175986030342313,NO
37,G,0.01178154900411647,NO
38,I,0.00649799503217098,NO
39,V,0.00799584317689035,NO
40,M,0.00717096674620478,NO
41,S,0.006085626529086523,NO
42,L,0.00536210882014258,NO
43,I,0.0028112642828398864,NO
44,V,0.003331063542205159,NO
45,L,0.006593080160867006,NO
46,A,0.003899326944300434,NO
47,I,0.003374900696701956,NO
48,V,0.005657245638984065,NO
49,F,0.004487390096034652,NO
50,G,0.003702328858310519,NO
51,N,0.008977013449199512,NO
52,V,0.007786193382998924,NO
53,L,0.006278449299578084,NO
54,V,0.005662333105088442,NO
55,I,0.013048283439176491,NO
56,T,0.005271200760324897,NO
57,A,0.004873994004908502,NO
58,I,0.005411756539162823,NO
59,A,0.005179238546329084,NO
60,K,0.004685404049753674,NO
61,F,0.0027486052888713785,NO
62,E,0.0015708681107103725,NO
63,R,0.0013630090730397829,NO
64,L,0.005742943688988231,NO
65,Q,0.003881958697214876,NO
66,T,0.0007178281265828788,NO
67,V,0.0034152070066178247,NO
68,T,0.008750421072626215,NO
69,N,0.015219213970302837,NO
70,Y,0.021521705366849015,NO
71,F,0.005394576517693799,NO
72,I,0.018940496066664182,NO
73,T,0.027370215747889483,NO
74,S,0.008049903593599549,NO
75,L,0.005171184795762974,NO
76,A,0.005423782060115306,NO
77,C,0.0061078152854199584,NO
78,A,0.003094453215792221,NO
79,D,0.008783670062492588,NO
80,L,0.0038967662010398795,NO
81,V,0.0032138593814289144,NO
82,M,0.0044320846478288645,NO
83,G,0.009308330939488891,NO
84,L,0.004794967901720071,NO
85,A,0.0030264342141037254,NO
86,V,0.010075708283153519,NO
87,V,0.02201025178054878,NO
88,P,0.012595484370923567,NO
89,F,0.007045903958716896,NO
90,G,0.016107511039821634,NO
91,A,0.009142639110385964,NO
92,A,0.014758931536892944,NO
93,H,0.014295091367877433,NO
94,I,0.022269619940260808,NO
95,L,0.02458328356857765,NO
96,M,0.01106028165839432,NO
97,K,0.0070238667256075716,NO
98,M,0.00743095429658615,NO
99,W,0.0059254725760342,NO
100,T,0.019317636378121145,NO
101,F,0.005659492051795009,NO
102,G,0.007292185489307356,NO
103,N,0.007304602137014005,NO
104,F,0.006129747903262063,NO
105,W,0.007941235926344537,NO
106,C,0.011528852064149341,NO
107,E,0.015822851182032797,NO
108,F,0.00884896693550985,NO
109,W,0.00823054624839451,NO
110,T,0.02720243354980959,NO
111,S,0.0297321929734594,NO
112,I,0.027532063775617375,NO
113,D,0.018596664508062664,NO
114,V,0.018919473825811956,NO
115,L,0.019557594018213616,NO
116,C,0.013898325416476114,NO
117,V,0.010854821001440688,NO
118,T,0.0130088127807377,NO
119,A,0.011966567983525815,NO
120,S,0.0222947403068033,NO
121,I,0.012344287072223332,NO
122,E,0.025438314834514943,NO
123,T,0.044818001334548205,NO
124,L,0.024269648558152133,NO
125,C,0.04788389546034414,YES
126,V,0.008674535030197075,NO
127,I,0.008239439402832132,NO
128,A,0.0083848299330574,NO
129,V,0.009403479248864546,NO
130,D,0.004511854175143539,NO
131,R,0.005560329036311095,NO
132,Y,0.0047235450806258905,NO
133,F,0.004811046722254885,NO
134,A,0.003099358760825344,NO
135,I,0.009665848681585933,NO
136,T,0.006630370419374898,NO
137,S,0.010637472562619267,NO
138,P,0.008176739285324763,NO
139,F,0.003078126425834033,NO
140,K,0.00407408479629875,NO
141,Y,0.0025570714024230807,NO
142,Q,0.005884419804435151,NO
143,S,0.006275996372372513,NO
144,L,0.0042886966776498935,NO
145,L,0.004364590729525171,NO
146,T,0.007345585157582134,NO
147,K,0.00493603292300447,NO
148,N,0.00450428929153717,NO
149,K,0.006496055596523149,NO
150,A,0.010920399347799157,NO
151,R,0.016423271484733486,NO
152,V,0.011926157200063726,NO
153,I,0.012309332095322865,NO
154,I,0.02818963190655234,NO
155,L,0.040583919793071556,NO
156,M,0.026711415517962522,NO
157,V,0.020822563735536904,NO
158,W,0.01610284088127096,NO
159,I,0.015846060265645737,NO
160,V,0.016220135092769667,NO
161,S,0.012216555159437217,NO
162,G,0.014204874449347928,NO
163,L,0.009142455618571518,NO
164,T,0.00797140730460038,NO
165,S,0.016538942691324467,NO
166,F,0.02018721420017755,NO
167,L,0.021335087961482712,NO
168,P,0.026306472324429415,NO
169,I,0.03399260888013649,NO
170,Q,0.026331181100184002,NO
171,M,0.023778061890021948,NO
172,H,0.03845943746962023,NO
173,W,0.029866395614037946,NO
174,Y,0.040201948837290856,NO
175,R,0.07734089416589997,YES
176,A,0.11368341005225246,YES
177,T,0.09762478970006733,YES
178,H,0.064631752899751,YES
179,Q,0.06666722961548391,YES
180,E,0.06138733618573562,YES
181,A,0.023081040468761266,NO
182,I,0.015694765403405548,NO
183,N,0.01446462807245855,NO
184,C,0.012592045133409866,NO
185,Y,0.01756528172109841,NO
186,A,0.028925784324558536,NO
187,N,0.045864652454838506,YES
188,E,0.03359058420324702,NO
189,T,0.021090324657652308,NO
190,C,0.030313514785250715,NO
191,C,0.05977423940982719,YES
192,D,0.11460778394822617,YES
193,F,0.17398357811284118,YES
194,F,0.17757145831313081,YES
195,T,0.1482931380380381,YES
196,N,0.03698564258054051,NO
197,Q,0.06391450853386361,YES
198,A,0.04697381233857304,YES
199,Y,0.21788486790337303,YES
200,A,0.22075117848758705,YES
201,I,0.12218309758087031,YES
202,A,0.06134381112856216,YES
203,S,0.22226721591847745,YES
204,S,0.10669312519092551,YES
205,I,0.09145933478936286,YES
206,V,0.22418008132432715,YES
207,S,0.24523669545168275,YES
208,F,0.16583542900835085,YES
209,Y,0.08850468846329868,YES
210,V,0.10115268344662807,YES
211,P,0.2067943344232138,YES
212,L,0.16429031931330737,YES
213,V,0.1585123870655695,YES
214,I,0.07484677350572208,YES
215,M,0.05747617083430453,YES
216,V,0.09276505126541272,YES
217,F,0.03856258746333336,NO
218,V,0.021642464188061514,NO
219,Y,0.02664557262046178,NO
220,S,0.02192241096949259,NO
221,R,0.010955335487981928,NO
222,V,0.0074963252807590045,NO
223,F,0.014407300112484986,NO
224,Q,0.02773868185241162,NO
225,E,0.09635345900690988,YES
226,A,0.11232345623559396,YES
227,K,0.021777768224222678,NO
228,R,0.027864059724436504,NO
229,Q,0.07759446835974414,YES
230,L,0.027729452076398178,NO
231,Q,0.006078576084482431,NO
232,K,0.007507366815860374,NO
233,I,0.010136052777996086,NO
234,D,0.007230280302555363,NO
235,K,0.007065244205147822,NO
236,S,0.009626784170628917,NO
237,E,0.010126921450543185,NO
238,G,0.006532244290627075,NO
239,R,0.007188910315791577,NO
240,F,0.007038866104705578,NO
241,H,0.005582959218549328,NO
242,V,0.006723560858566608,NO
243,Q,0.006538252623045082,NO
244,N,0.005516926043242164,NO
245,L,0.004040569738363737,NO
246,S,0.004626022893063464,NO
247,Q,0.0037216192084607823,NO
248,V,0.005095000105646769,NO
249,E,0.008317338801719285,NO
250,Q,0.006933540599025687,NO
251,D,0.011031638331636324,NO
252,G,0.004729099114005716,NO
253,R,0.006291121979584447,NO
254,T,0.006352895600538691,NO
255,G,0.006282667761346212,NO
256,H,0.004189102631564927,NO
257,G,0.005922790133368494,NO
258,L,0.004439708414092739,NO
259,R,0.006498085295597937,NO
260,R,0.0060542851299122255,NO
261,S,0.00878988521820442,NO
262,S,0.009531293368979732,NO
263,K,0.010412553806745628,NO
264,F,0.005737414740828228,NO
265,C,0.021339681382743586,NO
266,L,0.07710911676790033,YES
267,K,0.04807042834650436,YES
268,E,0.08269254688093497,YES
269,H,0.10896607163657077,YES
270,K,0.06949625351952589,YES
271,A,0.015019356676277011,NO
272,L,0.016710197842732963,NO
273,K,0.013013913596844468,NO
274,T,0.011282980940768437,NO
275,L,0.01485573903920136,NO
276,G,0.014787322915613084,NO
277,I,0.008641893403954524,NO
278,I,0.009246770172950647,NO
279,M,0.02867066622430262,NO
280,G,0.03199143629075252,NO
281,T,0.056293251729032684,YES
282,F,0.036420738773360634,NO
283,T,0.023192700933148354,NO
284,L,0.013960853611460981,NO
285,C,0.02407178309909292,NO
286,W,0.02475193808241524,NO
287,L,0.032011322105453086,NO
288,P,0.05547513005817891,YES
289,F,0.07505170164621891,YES
290,F,0.02338672107038699,NO
291,I,0.019600667926866322,NO
292,V,0.18264572452471914,YES
293,N,0.07685543719433749,YES
294,I,0.04651837421909834,YES
295,V,0.03646504334530423,NO
296,H,0.2353589518396982,YES
297,V,0.11682935076509741,YES
298,I,0.024523606924284586,NO
299,Q,0.163322402714429,YES
300,D,0.133602036131811,YES
301,N,0.03046697229869518,NO
302,L,0.04739808701034624,YES
303,I,0.05636231810878404,YES
304,R,0.08334879712478077,YES
305,K,0.13417610839311106,YES
306,E,0.035893919484646375,NO
307,V,0.022169163623953096,NO
308,Y,0.03691257008624649,NO
309,I,0.03306818982704688,NO
310,L,0.03077277425347675,NO
311,L,0.16631636232995736,YES
312,N,0.039706261432806,NO
313,W,0.042184239841081494,NO
314,I,0.035158647598929546,NO
315,G,0.0497620458027907,YES
316,Y,0.07965674096385555,YES
317,V,0.08288890420235312,YES
318,N,0.08142667186451673,YES
319,S,0.042507008750557615,NO
320,G,0.011735561581308014,NO
321,F,0.0098223521581114,NO
322,N,0.011020438944857094,NO
323,P,0.016490497220741772,NO
324,L,0.015526319729344453,NO
325,I,0.028418881847415936,NO
326,Y,0.010504487143305954,NO
327,C,0.010305886107062179,NO
328,R,0.0235689170775087,NO
329,S,0.047858493268985766,YES
330,P,0.0815652043894001,YES
331,D,0.036089829108318226,NO
332,F,0.007836022670172074,NO
333,R,0.01061644784048253,NO
334,I,0.004390253762337133,NO
335,A,0.006895461102143777,NO
336,F,0.011521829068802805,NO
337,Q,0.01349457107192263,NO
338,E,0.007088485880408208,NO
339,L,0.009574186185801128,NO
340,L,0.01326229748461876,NO
341,C,0.0071050069648371,NO
342,L,0.006736135260442414,NO
343,R,0.006090149901698538,NO
344,R,0.0056838648145165795,NO
345,S,0.003545301820975868,NO
346,S,0.005183524177429685,NO
347,L,0.006244953858006243,NO
348,K,0.0052979314056886195,NO
349,A,0.008237541992930426,NO
350,Y,0.0050624460625710655,NO
351,G,0.005124193344093848,NO
352,N,0.003685960660724115,NO
353,G,0.005419107421565579,NO
354,Y,0.004635016148935023,NO
355,S,0.005574538708044332,NO
356,S,0.007117558276896879,NO
357,N,0.006726106258286433,NO
358,G,0.006253540734145904,NO
359,N,0.008490701025282632,NO
360,T,0.006420351190156128,NO
361,G,0.008767355594565223,NO
362,E,0.009726885660516667,NO
363,Q,0.0064172113431563305,NO
364,S,0.004618607685350591,NO
365,G,0.0035219930895595193,NO
366,Y,0.0039040128996725393,NO
367,H,0.004351946130818922,NO
368,V,0.004210636372139983,NO
369,E,0.006292038782443601,NO
370,Q,0.008567859771817765,NO
371,E,0.004730740195416924,NO
372,K,0.006523544456256454,NO
373,E,0.008839061152193446,NO
374,N,0.008981623040760667,NO
375,K,0.006661045821585634,NO
376,L,0.006472144095863339,NO
377,L,0.00574299373895672,NO
378,C,0.004986503526322191,NO
379,E,0.005305908666088615,NO
380,D,0.005146822709787153,NO
381,L,0.005098407049566893,NO
382,P,0.0063710357325297605,NO
383,G,0.006531482203395659,NO
384,T,0.007015277760956452,NO
385,E,0.006590962415982306,NO
386,D,0.007526035581901982,NO
387,F,0.006655647585830593,NO
388,V,0.006831547205211206,NO
389,G,0.005805493956643204,NO
390,H,0.006474790156468251,NO
391,Q,0.00668550807794028,NO
392,G,0.00762884234554154,NO
393,T,0.008418746845693803,NO
394,V,0.008266651423712443,NO
395,P,0.00786956995986137,NO
396,S,0.005341713054316902,NO
397,D,0.007007517625002688,NO
398,N,0.006881265403015797,NO
399,I,0.00882484560328781,NO
400,D,0.007106064924820592,NO
401,S,0.007137672779793191,NO
402,Q,0.00874530619723503,NO
403,G,0.006921949125979511,NO
404,R,0.006915825421555967,NO
405,N,0.00875843268688316,NO
406,C,0.006906295702849872,NO
407,S,0.006227087835031042,NO
408,T,0.004937813231038035,NO
409,N,0.0047004471667345836,NO
410,D,0.004971615357979837,NO
411,S,0.006818592486589685,NO
412,L,0.008240398798079696,NO
413,L,0.00730294471921817,NO
