From (Query Position),Residue,Accumulated Avg Attention,Top 15%?
1,M,0.0055738937693945445,NO
2,G,0.0034577358706542327,NO
3,Q,0.004168712067780689,NO
4,P,0.004557753615917666,NO
5,G,0.0034853025607996337,NO
6,N,0.0038175618906564064,NO
7,G,0.004705271035418216,NO
8,S,0.002811585464025749,NO
9,A,0.0023150641862036045,NO
10,F,0.002352974305499818,NO
11,L,0.003798325114644286,NO
12,L,0.003970864305749444,NO
13,A,0.004434463185712427,NO
14,P,0.0043689345099456505,NO
15,N,0.0043853074025198184,NO
16,R,0.0059105534422503325,NO
17,S,0.004723239940782757,NO
18,H,0.004324655576832963,NO
19,A,0.00433358161978011,NO
20,P,0.003878947427703376,NO
21,D,0.004504619455431681,NO
22,H,0.0037935622573807377,NO
23,D,0.005068026421454874,NO
24,V,0.0043286732401099925,NO
25,T,0.003526205457092146,NO
26,Q,0.0029686566601666207,NO
27,Q,0.0030593014853366185,NO
28,R,0.005018013876416206,NO
29,D,0.005911856691939832,NO
30,E,0.006989149910263675,NO
31,V,0.004985209744660565,NO
32,W,0.008010735313328193,NO
33,V,0.008455602160121194,NO
34,V,0.0083335582798752,NO
35,G,0.008955194747091076,NO
36,M,0.012074146094016006,NO
37,G,0.013976455160499359,NO
38,I,0.007740561578583668,NO
39,V,0.00976473422697465,NO
40,M,0.008452251316787517,NO
41,S,0.007168685458989355,NO
42,L,0.006323040001792063,NO
43,I,0.003346827171109494,NO
44,V,0.004041273132908368,NO
45,L,0.007696558996873861,NO
46,A,0.004607220261251636,NO
47,I,0.00410306013490532,NO
48,V,0.00663830915979006,NO
49,F,0.005493418525808294,NO
50,G,0.004468070377843469,NO
51,N,0.010555370075366444,NO
52,V,0.00909484511328055,NO
53,L,0.007843313287462367,NO
54,V,0.006510962894466287,NO
55,I,0.014636623471662485,NO
56,T,0.006103618304277895,NO
57,A,0.005185677650172548,NO
58,I,0.006227807139139045,NO
59,A,0.0059194113781807865,NO
60,K,0.005554165489630354,NO
61,F,0.0031862173743662696,NO
62,E,0.0018169147332850835,NO
63,R,0.0013787022324649456,NO
64,L,0.006713009843802336,NO
65,Q,0.004490809372773204,NO
66,T,0.0008300554846794409,NO
67,V,0.0038299081448214998,NO
68,T,0.010294255416173237,NO
69,N,0.018118458881912918,NO
70,Y,0.024845596648820134,NO
71,F,0.00630836437183883,NO
72,I,0.021198638948002703,NO
73,T,0.030513690726653962,NO
74,S,0.00791009377200259,NO
75,L,0.005589005010361647,NO
76,A,0.005807633660040648,NO
77,C,0.007016000108573431,NO
78,A,0.003447252345112788,NO
79,D,0.009924788594576905,NO
80,L,0.004432134546599778,NO
81,V,0.0037273669847401793,NO
82,M,0.0051459156307771545,NO
83,G,0.010383488352611419,NO
84,L,0.0048723496416863315,NO
85,A,0.0035172817688362557,NO
86,V,0.011986602196974635,NO
87,V,0.025966747120115482,NO
88,P,0.014396329661529705,NO
89,F,0.008052402399159794,NO
90,G,0.019004179945198985,NO
91,A,0.010607968534928808,NO
92,A,0.017128733558574694,NO
93,H,0.016698937871556886,NO
94,I,0.026232316522696603,NO
95,L,0.028735288297560564,NO
96,M,0.013236692750876723,NO
97,K,0.007830245208044317,NO
98,M,0.008487178534728839,NO
99,W,0.007041476388558009,NO
100,T,0.022282904795929426,NO
101,F,0.006534006362893289,NO
102,G,0.00813162997536665,NO
103,N,0.008457717940859293,NO
104,F,0.0073068942574668816,NO
105,W,0.009242592538006642,NO
106,C,0.013492089997471505,NO
107,E,0.018819078407095922,NO
108,F,0.010432178197392027,NO
109,W,0.009652929165353819,NO
110,T,0.03097444820240081,NO
111,S,0.03461906231997958,NO
112,I,0.03213285754569872,NO
113,D,0.022330182617192513,NO
114,V,0.021587529856117744,NO
115,L,0.021169601815666777,NO
116,C,0.01643571527234359,NO
117,V,0.012507255192678217,NO
118,T,0.015192106865280646,NO
119,A,0.013965261702888478,NO
120,S,0.025997725970932382,NO
121,I,0.014312535423704512,NO
122,E,0.029363065258252163,NO
123,T,0.0523723732461369,NO
124,L,0.02843201327992103,NO
125,C,0.056048440645351576,YES
126,V,0.010130323611015735,NO
127,I,0.00989048980810381,NO
128,A,0.009825601577027498,NO
129,V,0.011440819982806142,NO
130,D,0.005464849793394437,NO
131,R,0.006243679249015996,NO
132,Y,0.005185502250434311,NO
133,F,0.005791116232497432,NO
134,A,0.0035597435123848518,NO
135,I,0.011000521305946606,NO
136,T,0.007559669542487769,NO
137,S,0.012050912900519666,NO
138,P,0.009422532970908781,NO
139,F,0.003373076642592047,NO
140,K,0.004662548220771612,NO
141,Y,0.0029882319738095964,NO
142,Q,0.006659244261985571,NO
143,S,0.006987920654997501,NO
144,L,0.0049004211388741226,NO
145,L,0.004987046009104527,NO
146,T,0.008393488815367315,NO
147,K,0.005781486704260411,NO
148,N,0.005234339838811053,NO
149,K,0.0074076398378707005,NO
150,A,0.012414527902593748,NO
151,R,0.018892717188665902,NO
152,V,0.013174936028980134,NO
153,I,0.014183178749385397,NO
154,I,0.03298390273908206,NO
155,L,0.047094268464964506,NO
156,M,0.030425485605308954,NO
157,V,0.024218413819287552,NO
158,W,0.018632801872072943,NO
159,I,0.01824756178229237,NO
160,V,0.019128465560665685,NO
161,S,0.014275125208006516,NO
162,G,0.01465877046261236,NO
163,L,0.010290658544219752,NO
164,T,0.009262591220422906,NO
165,S,0.019005492695119603,NO
166,F,0.023461262140964816,NO
167,L,0.025670675462288333,NO
168,P,0.031184940493801605,NO
169,I,0.039121928843262786,NO
170,Q,0.030634054603444635,NO
171,M,0.027501684357721896,NO
172,H,0.04518642308789822,NO
173,W,0.03535799353350436,NO
174,Y,0.04844510067747857,NO
175,R,0.09236088649079952,YES
176,A,0.13452421511184792,YES
177,T,0.11563815376932021,YES
178,H,0.07574279820832429,YES
179,Q,0.08019764134896927,YES
180,E,0.07303416104914126,YES
181,A,0.02722917661086418,NO
182,I,0.018629843651618575,NO
183,N,0.016630129326809257,NO
184,C,0.014481188709567938,NO
185,Y,0.02002407205046097,NO
186,A,0.03394946867706494,NO
187,N,0.05287542845974258,NO
188,E,0.03961085623125389,NO
189,T,0.024981124772478342,NO
190,C,0.034490999107826305,NO
191,C,0.06737447476280066,YES
192,D,0.12742859309582857,YES
193,F,0.1959221253803965,YES
194,F,0.20564667842654674,YES
195,T,0.170343842676175,YES
196,N,0.040108765596187375,NO
197,Q,0.0680773800307482,YES
198,A,0.04948982251773693,NO
199,Y,0.22803271309848586,YES
200,A,0.22825707974384696,YES
201,I,0.09512767508444735,YES
202,A,0.02744205320521307,NO
203,S,0.18581996754511532,YES
204,S,0.03677742796088997,NO
205,I,0.05960075608810674,YES
206,V,0.19392903742713363,YES
207,S,0.21197163513892292,YES
208,F,0.11794865597731286,YES
209,Y,0.06508615139677924,YES
210,V,0.09782599967184069,YES
211,P,0.22474341260168038,YES
212,L,0.18124688306503245,YES
213,V,0.1666748178870156,YES
214,I,0.07618609368725707,YES
215,M,0.06548516993913471,YES
216,V,0.10809548307955197,YES
217,F,0.04017261846139716,NO
218,V,0.022970151307254365,NO
219,Y,0.03057407309294528,NO
220,S,0.024838068376722568,NO
221,R,0.011471359045478824,NO
222,V,0.00853535240473017,NO
223,F,0.01674556796607855,NO
224,Q,0.030208833763452368,NO
225,E,0.11418233628354338,YES
226,A,0.13292155253127463,YES
227,K,0.025115731492748004,NO
228,R,0.031203645571162238,NO
229,Q,0.09314738492284982,YES
230,L,0.03379443565254784,NO
231,Q,0.0068155506923754565,NO
232,K,0.008779280296050388,NO
233,I,0.01148775867623364,NO
234,D,0.008215967498049538,NO
235,K,0.008024939644451196,NO
236,S,0.011064120229188273,NO
237,E,0.011703684322583284,NO
238,G,0.007585978316636025,NO
239,R,0.008286978754259877,NO
240,F,0.00785099032620451,NO
241,H,0.0060852983374862415,NO
242,V,0.007539244144740091,NO
243,Q,0.007112448605975412,NO
244,N,0.006379163410372257,NO
245,L,0.0045273606248346825,NO
246,S,0.005184016216844611,NO
247,Q,0.00426288080667329,NO
248,V,0.005718764952424257,NO
249,E,0.00950477978002103,NO
250,Q,0.008042904290618935,NO
251,D,0.012714458370282955,NO
252,G,0.0055838541972216636,NO
253,R,0.007112327412223489,NO
254,T,0.0072429673651110225,NO
255,G,0.007324459567030317,NO
256,H,0.004754206153492646,NO
257,G,0.0069043778469411645,NO
258,L,0.005249330510290899,NO
259,R,0.007358154769590897,NO
260,R,0.007099238561693255,NO
261,S,0.010168182600156209,NO
262,S,0.01154729060269233,NO
263,K,0.011725104571223294,NO
264,F,0.006834911297739646,NO
265,C,0.02542155738780139,NO
266,L,0.09032618481971019,YES
267,K,0.056649404992371664,YES
268,E,0.10302968077034318,YES
269,H,0.13067831968123755,YES
270,K,0.08021657668933517,YES
271,A,0.017498900485745022,NO
272,L,0.019509601182586305,NO
273,K,0.01495864668318288,NO
274,T,0.012994540404076696,NO
275,L,0.017741474948319347,NO
276,G,0.017148902339773283,NO
277,I,0.009909880663274251,NO
278,I,0.00993381609389754,NO
279,M,0.03416324508691323,NO
280,G,0.04111406513092675,NO
281,T,0.06771290044918743,YES
282,F,0.04104104879704096,NO
283,T,0.025631898188033908,NO
284,L,0.015557893830764632,NO
285,C,0.028471220293027955,NO
286,W,0.02444631666537589,NO
287,L,0.035811610437728326,NO
288,P,0.06444007975582551,YES
289,F,0.07834293080107577,YES
290,F,0.021069581833689306,NO
291,I,0.01942942909809157,NO
292,V,0.19495908909685747,YES
293,N,0.03367521301519597,NO
294,I,0.014505654882744542,NO
295,V,0.02282476111527032,NO
296,H,0.17240328726613457,YES
297,V,0.09695593898616058,YES
298,I,0.023841764064352823,NO
299,Q,0.14837565945882145,YES
300,D,0.10309398256980748,YES
301,N,0.02739139866808197,NO
302,L,0.051490927481760686,NO
303,I,0.06217302321463573,YES
304,R,0.07743135075137768,YES
305,K,0.14657125318096384,YES
306,E,0.03630756780813431,NO
307,V,0.018773241870198114,NO
308,Y,0.0188646401243077,NO
309,I,0.026986084939572587,NO
310,L,0.02998216050258998,NO
311,L,0.17847882764359663,YES
312,N,0.04390619037840793,NO
313,W,0.04844344963648458,NO
314,I,0.03264641497300621,NO
315,G,0.05543371769589559,YES
316,Y,0.08883085604740397,YES
317,V,0.09812718054114102,YES
318,N,0.09847227887043294,YES
319,S,0.048509375252142675,NO
320,G,0.013875943853423204,NO
321,F,0.011125534243250803,NO
322,N,0.013565841915804011,NO
323,P,0.020955184930024018,NO
324,L,0.01963214124627181,NO
325,I,0.03401318886065141,NO
326,Y,0.012182355199797712,NO
327,C,0.011848493447701003,NO
328,R,0.026183403545584717,NO
329,S,0.05482545436245356,YES
330,P,0.1003869790695262,YES
331,D,0.04449039826250593,NO
332,F,0.008659916477995466,NO
333,R,0.011812427413785779,NO
334,I,0.005191775254291708,NO
335,A,0.007689609068799036,NO
336,F,0.013540926470809588,NO
337,Q,0.01580858479123511,NO
338,E,0.007332199886552833,NO
339,L,0.010107410800754243,NO
340,L,0.015802260791137005,NO
341,C,0.008372829325551834,NO
342,L,0.007088713746959445,NO
343,R,0.006497817643441373,NO
344,R,0.0062396410453165645,NO
345,S,0.0041639463754658355,NO
346,S,0.006213556117340128,NO
347,L,0.007273430959372717,NO
348,K,0.006066240519009133,NO
349,A,0.009319874617259435,NO
350,Y,0.005741264087343248,NO
351,G,0.005692383013145748,NO
352,N,0.005128135445517046,NO
353,G,0.006947877506036092,NO
354,Y,0.005232583592756393,NO
355,S,0.005934256518211593,NO
356,S,0.008026131165252082,NO
357,N,0.008035153836279582,NO
358,G,0.008115789988172157,NO
359,N,0.011308353662987733,NO
360,T,0.007524536462521307,NO
361,G,0.00926700142347651,NO
362,E,0.01024787828960901,NO
363,Q,0.008576751254736337,NO
364,S,0.006177770484290098,NO
365,G,0.005154008594814741,NO
